cnn_blocks,dense_layers,_,Acc,Best_Epoch
3,1,_,0.7356948256492615,8
3,2,_,0.7302452325820923,47
3,3,_,0.7356948256492615,15
