cnn_blocks,dense_layers,_,RMSE,Best_Epoch
1,1,_,4.374972820281982,7
1,2,_,4.469814777374268,8
1,3,_,4.448322772979736,9
2,1,_,3.7304108142852783,8
